-- phpMyAdmin SQL Dump
-- version 5.1.1
-- https://www.phpmyadmin.net/
--
-- Host: 127.0.0.1
-- Generation Time: Apr 29, 2022 at 09:13 PM
-- Server version: 10.4.21-MariaDB
-- PHP Version: 8.0.10

SET SQL_MODE = "NO_AUTO_VALUE_ON_ZERO";
START TRANSACTION;
SET time_zone = "+00:00";


/*!40101 SET @OLD_CHARACTER_SET_CLIENT=@@CHARACTER_SET_CLIENT */;
/*!40101 SET @OLD_CHARACTER_SET_RESULTS=@@CHARACTER_SET_RESULTS */;
/*!40101 SET @OLD_COLLATION_CONNECTION=@@COLLATION_CONNECTION */;
/*!40101 SET NAMES utf8mb4 */;

--
-- Database: `doctor-appoinment`
--

-- --------------------------------------------------------

--
-- Table structure for table `brand`
--

CREATE TABLE `brand` (
  `id` bigint(20) UNSIGNED NOT NULL,
  `brand_name` varchar(191) COLLATE utf8mb4_unicode_ci NOT NULL,
  `brand_logo` varchar(191) COLLATE utf8mb4_unicode_ci NOT NULL,
  `created_at` timestamp NULL DEFAULT NULL,
  `updated_at` timestamp NULL DEFAULT NULL
) ENGINE=InnoDB DEFAULT CHARSET=utf8mb4 COLLATE=utf8mb4_unicode_ci;

--
-- Dumping data for table `brand`
--

INSERT INTO `brand` (`id`, `brand_name`, `brand_logo`, `created_at`, `updated_at`) VALUES
(2, 'sumsong', 'public/media/brand/010421_18_37_36.jpg', NULL, NULL);

-- --------------------------------------------------------

--
-- Table structure for table `category`
--

CREATE TABLE `category` (
  `id` bigint(20) UNSIGNED NOT NULL,
  `categoty_name` varchar(191) COLLATE utf8mb4_unicode_ci NOT NULL,
  `logo` varchar(150) COLLATE utf8mb4_unicode_ci DEFAULT NULL,
  `created_at` timestamp NULL DEFAULT NULL,
  `updated_at` timestamp NULL DEFAULT NULL
) ENGINE=InnoDB DEFAULT CHARSET=utf8mb4 COLLATE=utf8mb4_unicode_ci;

--
-- Dumping data for table `category`
--

INSERT INTO `category` (`id`, `categoty_name`, `logo`, `created_at`, `updated_at`) VALUES
(2, 'dsfds', 'media/category/040421_18_49_58.png', NULL, NULL),
(4, 'gfg', 'media/category/040421_18_34_58.jpg', NULL, NULL),
(5, 'dfgfdg', 'media/category/040421_18_30_55.png', NULL, NULL),
(6, 'Dipak debnath', 'media/category/040421_18_43_54.png', NULL, NULL),
(10, 'Dipak debnath', 'media/category/040421_18_34_45.png', NULL, NULL),
(11, 'Dipak debnath', 'media/category/040421_18_43_54.png', NULL, NULL),
(12, 'dfgfdg', 'media/category/040421_18_30_55.png', NULL, NULL);

-- --------------------------------------------------------

--
-- Table structure for table `coupon`
--

CREATE TABLE `coupon` (
  `id` bigint(20) UNSIGNED NOT NULL,
  `coupon` varchar(191) COLLATE utf8mb4_unicode_ci NOT NULL,
  `discount` int(191) NOT NULL,
  `created_at` timestamp NULL DEFAULT current_timestamp(),
  `updated_at` timestamp NULL DEFAULT NULL
) ENGINE=InnoDB DEFAULT CHARSET=utf8mb4 COLLATE=utf8mb4_unicode_ci;

--
-- Dumping data for table `coupon`
--

INSERT INTO `coupon` (`id`, `coupon`, `discount`, `created_at`, `updated_at`) VALUES
(1, 'dipak10', 10, '2021-04-02 07:56:12', NULL),
(2, '12', 50, '2021-04-05 21:04:25', NULL);

-- --------------------------------------------------------

--
-- Table structure for table `failed_jobs`
--

CREATE TABLE `failed_jobs` (
  `id` bigint(20) UNSIGNED NOT NULL,
  `uuid` varchar(191) COLLATE utf8mb4_unicode_ci NOT NULL,
  `connection` text COLLATE utf8mb4_unicode_ci NOT NULL,
  `queue` text COLLATE utf8mb4_unicode_ci NOT NULL,
  `payload` longtext COLLATE utf8mb4_unicode_ci NOT NULL,
  `exception` longtext COLLATE utf8mb4_unicode_ci NOT NULL,
  `failed_at` timestamp NOT NULL DEFAULT current_timestamp()
) ENGINE=InnoDB DEFAULT CHARSET=utf8mb4 COLLATE=utf8mb4_unicode_ci;

-- --------------------------------------------------------

--
-- Table structure for table `migrations`
--

CREATE TABLE `migrations` (
  `id` int(10) UNSIGNED NOT NULL,
  `migration` varchar(191) COLLATE utf8mb4_unicode_ci NOT NULL,
  `batch` int(11) NOT NULL
) ENGINE=InnoDB DEFAULT CHARSET=utf8mb4 COLLATE=utf8mb4_unicode_ci;

--
-- Dumping data for table `migrations`
--

INSERT INTO `migrations` (`id`, `migration`, `batch`) VALUES
(1, '2014_10_12_000000_create_users_table', 1),
(2, '2014_10_12_100000_create_password_resets_table', 1),
(3, '2019_08_19_000000_create_failed_jobs_table', 1),
(4, '2021_03_17_083807_create_rolls_table', 1),
(5, '2021_03_30_191937_create_category_table', 2),
(6, '2021_03_30_192009_create_subcategory_table', 2),
(7, '2021_03_30_192034_create_brand_table', 2),
(9, '2021_04_01_184751_create_coupon_table', 3),
(10, '2021_04_01_192453_create_newslater_table', 4),
(13, '2021_04_02_095921_create_products_table', 5),
(14, '2018_12_23_120000_create_shoppingcart_table', 6),
(15, '2021_04_04_224306_create_wishlist_table', 6),
(16, '2021_04_05_185828_create_settings_table', 7),
(17, '2016_06_01_000001_create_oauth_auth_codes_table', 8),
(18, '2016_06_01_000002_create_oauth_access_tokens_table', 8),
(19, '2016_06_01_000003_create_oauth_refresh_tokens_table', 8),
(20, '2016_06_01_000004_create_oauth_clients_table', 8),
(21, '2016_06_01_000005_create_oauth_personal_access_clients_table', 8);

-- --------------------------------------------------------

--
-- Table structure for table `newslater`
--

CREATE TABLE `newslater` (
  `id` bigint(20) UNSIGNED NOT NULL,
  `email` varchar(191) COLLATE utf8mb4_unicode_ci NOT NULL,
  `created_at` timestamp NULL DEFAULT current_timestamp(),
  `updated_at` timestamp NULL DEFAULT NULL
) ENGINE=InnoDB DEFAULT CHARSET=utf8mb4 COLLATE=utf8mb4_unicode_ci;

--
-- Dumping data for table `newslater`
--

INSERT INTO `newslater` (`id`, `email`, `created_at`, `updated_at`) VALUES
(3, 'shohelarman@gmail.com', '2021-04-02 08:49:51', NULL);

-- --------------------------------------------------------

--
-- Table structure for table `oauth_access_tokens`
--

CREATE TABLE `oauth_access_tokens` (
  `id` varchar(100) COLLATE utf8mb4_unicode_ci NOT NULL,
  `user_id` bigint(20) UNSIGNED DEFAULT NULL,
  `client_id` bigint(20) UNSIGNED NOT NULL,
  `name` varchar(191) COLLATE utf8mb4_unicode_ci DEFAULT NULL,
  `scopes` text COLLATE utf8mb4_unicode_ci DEFAULT NULL,
  `revoked` tinyint(1) NOT NULL,
  `created_at` timestamp NULL DEFAULT NULL,
  `updated_at` timestamp NULL DEFAULT NULL,
  `expires_at` datetime DEFAULT NULL
) ENGINE=InnoDB DEFAULT CHARSET=utf8mb4 COLLATE=utf8mb4_unicode_ci;

-- --------------------------------------------------------

--
-- Table structure for table `oauth_auth_codes`
--

CREATE TABLE `oauth_auth_codes` (
  `id` varchar(100) COLLATE utf8mb4_unicode_ci NOT NULL,
  `user_id` bigint(20) UNSIGNED NOT NULL,
  `client_id` bigint(20) UNSIGNED NOT NULL,
  `scopes` text COLLATE utf8mb4_unicode_ci DEFAULT NULL,
  `revoked` tinyint(1) NOT NULL,
  `expires_at` datetime DEFAULT NULL
) ENGINE=InnoDB DEFAULT CHARSET=utf8mb4 COLLATE=utf8mb4_unicode_ci;

-- --------------------------------------------------------

--
-- Table structure for table `oauth_clients`
--

CREATE TABLE `oauth_clients` (
  `id` bigint(20) UNSIGNED NOT NULL,
  `user_id` bigint(20) UNSIGNED DEFAULT NULL,
  `name` varchar(191) COLLATE utf8mb4_unicode_ci NOT NULL,
  `secret` varchar(100) COLLATE utf8mb4_unicode_ci DEFAULT NULL,
  `provider` varchar(191) COLLATE utf8mb4_unicode_ci DEFAULT NULL,
  `redirect` text COLLATE utf8mb4_unicode_ci NOT NULL,
  `personal_access_client` tinyint(1) NOT NULL,
  `password_client` tinyint(1) NOT NULL,
  `revoked` tinyint(1) NOT NULL,
  `created_at` timestamp NULL DEFAULT NULL,
  `updated_at` timestamp NULL DEFAULT NULL
) ENGINE=InnoDB DEFAULT CHARSET=utf8mb4 COLLATE=utf8mb4_unicode_ci;

--
-- Dumping data for table `oauth_clients`
--

INSERT INTO `oauth_clients` (`id`, `user_id`, `name`, `secret`, `provider`, `redirect`, `personal_access_client`, `password_client`, `revoked`, `created_at`, `updated_at`) VALUES
(1, NULL, 'Laravel Personal Access Client', 'YMjBsMmGamV4h0CuX1BlSsKQ0a31eWurCyOitvvn', NULL, 'http://localhost', 1, 0, 0, '2021-04-05 15:38:39', '2021-04-05 15:38:39'),
(2, NULL, 'Laravel Password Grant Client', 'pVtcgNxmEeYEE2ADOhZVVIgB9zjjnoo6uTEGAaHc', 'users', 'http://localhost', 0, 1, 0, '2021-04-05 15:38:39', '2021-04-05 15:38:39');

-- --------------------------------------------------------

--
-- Table structure for table `oauth_personal_access_clients`
--

CREATE TABLE `oauth_personal_access_clients` (
  `id` bigint(20) UNSIGNED NOT NULL,
  `client_id` bigint(20) UNSIGNED NOT NULL,
  `created_at` timestamp NULL DEFAULT NULL,
  `updated_at` timestamp NULL DEFAULT NULL
) ENGINE=InnoDB DEFAULT CHARSET=utf8mb4 COLLATE=utf8mb4_unicode_ci;

--
-- Dumping data for table `oauth_personal_access_clients`
--

INSERT INTO `oauth_personal_access_clients` (`id`, `client_id`, `created_at`, `updated_at`) VALUES
(1, 1, '2021-04-05 15:38:39', '2021-04-05 15:38:39');

-- --------------------------------------------------------

--
-- Table structure for table `oauth_refresh_tokens`
--

CREATE TABLE `oauth_refresh_tokens` (
  `id` varchar(100) COLLATE utf8mb4_unicode_ci NOT NULL,
  `access_token_id` varchar(100) COLLATE utf8mb4_unicode_ci NOT NULL,
  `revoked` tinyint(1) NOT NULL,
  `expires_at` datetime DEFAULT NULL
) ENGINE=InnoDB DEFAULT CHARSET=utf8mb4 COLLATE=utf8mb4_unicode_ci;

-- --------------------------------------------------------

--
-- Table structure for table `password_resets`
--

CREATE TABLE `password_resets` (
  `email` varchar(191) COLLATE utf8mb4_unicode_ci NOT NULL,
  `token` varchar(191) COLLATE utf8mb4_unicode_ci NOT NULL,
  `created_at` timestamp NULL DEFAULT NULL
) ENGINE=InnoDB DEFAULT CHARSET=utf8mb4 COLLATE=utf8mb4_unicode_ci;

-- --------------------------------------------------------

--
-- Table structure for table `products`
--

CREATE TABLE `products` (
  `id` bigint(20) UNSIGNED NOT NULL,
  `category_id` int(11) NOT NULL,
  `subcategory_id` int(11) DEFAULT NULL,
  `brand_id` int(11) DEFAULT NULL,
  `product_name` varchar(191) COLLATE utf8mb4_unicode_ci NOT NULL,
  `product_code` varchar(191) COLLATE utf8mb4_unicode_ci NOT NULL,
  `product_quantity` varchar(191) COLLATE utf8mb4_unicode_ci NOT NULL,
  `product_details` text COLLATE utf8mb4_unicode_ci NOT NULL,
  `product_color` varchar(191) COLLATE utf8mb4_unicode_ci NOT NULL,
  `product_size` varchar(191) COLLATE utf8mb4_unicode_ci NOT NULL,
  `selling_price` varchar(191) COLLATE utf8mb4_unicode_ci NOT NULL,
  `discount_price` varchar(191) COLLATE utf8mb4_unicode_ci DEFAULT NULL,
  `ex_tax` varchar(191) COLLATE utf8mb4_unicode_ci DEFAULT NULL,
  `video_link` varchar(191) COLLATE utf8mb4_unicode_ci DEFAULT NULL,
  `featured_product` int(11) DEFAULT NULL,
  `new_product` int(11) DEFAULT NULL,
  `buyone_getone` int(11) DEFAULT NULL,
  `image_one` varchar(191) COLLATE utf8mb4_unicode_ci DEFAULT NULL,
  `image_two` varchar(191) COLLATE utf8mb4_unicode_ci DEFAULT NULL,
  `image_three` varchar(191) COLLATE utf8mb4_unicode_ci DEFAULT NULL,
  `image_four` varchar(191) COLLATE utf8mb4_unicode_ci DEFAULT NULL,
  `status` int(11) DEFAULT NULL,
  `created_at` timestamp NULL DEFAULT NULL,
  `updated_at` timestamp NULL DEFAULT NULL
) ENGINE=InnoDB DEFAULT CHARSET=utf8mb4 COLLATE=utf8mb4_unicode_ci;

--
-- Dumping data for table `products`
--

INSERT INTO `products` (`id`, `category_id`, `subcategory_id`, `brand_id`, `product_name`, `product_code`, `product_quantity`, `product_details`, `product_color`, `product_size`, `selling_price`, `discount_price`, `ex_tax`, `video_link`, `featured_product`, `new_product`, `buyone_getone`, `image_one`, `image_two`, `image_three`, `image_four`, `status`, `created_at`, `updated_at`) VALUES
(1, 6, 2, 2, 'Dipak Debnath', '200', '2', '<p><strong style=\"margin: 0px; padding: 0px; font-family: &quot;Open Sans&quot;, Arial, sans-serif; font-size: 14px; letter-spacing: normal; text-align: justify;\">Lorem Ipsum</strong><span style=\"font-family: &quot;Open Sans&quot;, Arial, sans-serif; font-size: 14px; letter-spacing: normal; text-align: justify;\">&nbsp;is simply dummy text of the printing and typesetting industry. Lorem Ipsum has been the industry\'s standard dummy text ever since the 1500s, when an unknown printer took a galley of type and scrambled it to make a type specimen book. It has survived not only five centuries, but also the leap into electronic typesetting, remaining essentially unchanged. It was popularised in the 1960s with the release of Letraset sheets containing Lorem Ipsum passages, and more recently with desktop publishing software like Aldus PageMaker including versions of Lorem Ipsum</span></p>', 'xs,;', 'fg', '2202', '2000', '200', 'https://www.youtube.com/watch?v=a3-HFoJJPzm', 1, 1, 1, 'media/product/1695962338609588.jpg', 'media/product/1695962338695698.jpg', 'media/product/1695962338735558.jpg', 'media/product/1695962338772057.jpg', 1, NULL, NULL),
(2, 6, 4, 2, 'Dipak Debnath1', '2001', '2', '<p><strong style=\"margin: 0px; padding: 0px; font-family: &quot;Open Sans&quot;, Arial, sans-serif; font-size: 14px; letter-spacing: normal; text-align: justify;\">Lorem Ipsum</strong><span style=\"font-family: &quot;Open Sans&quot;, Arial, sans-serif; font-size: 14px; letter-spacing: normal; text-align: justify;\">&nbsp;is simply dummy text of the printing and typesetting industry. Lorem Ipsum has been the industry\'s standard dummy text ever since the 1500s, when an unknown printer took a galley of type and scrambled it to make a type specimen book. It has survived not only five centuries, but also the leap into electronic typesetting, remaining essentially unchanged. It was popularised in the 1960s with the release of Letraset sheets containing Lorem Ipsum passages, and more recently with desktop publishing software like Aldus PageMaker including versions of Lorem Ipsum.</span></p>', 'na,a,s', 'a,s', '220', NULL, '10', 'https://www.youtube.com/watch?v=a3-HFoJJPzm', 1, NULL, NULL, 'media/product/1696104176800643.png', 'media/product/1696104177285415.png', 'media/product/1696104177339268.png', 'media/product/1696104177402133.jpg', 1, NULL, NULL);

-- --------------------------------------------------------

--
-- Table structure for table `rolls`
--

CREATE TABLE `rolls` (
  `id` bigint(20) UNSIGNED NOT NULL,
  `name` varchar(191) COLLATE utf8mb4_unicode_ci NOT NULL,
  `created_at` timestamp NULL DEFAULT NULL,
  `updated_at` timestamp NULL DEFAULT NULL
) ENGINE=InnoDB DEFAULT CHARSET=utf8mb4 COLLATE=utf8mb4_unicode_ci;

--
-- Dumping data for table `rolls`
--

INSERT INTO `rolls` (`id`, `name`, `created_at`, `updated_at`) VALUES
(1, 'Admin', NULL, NULL),
(2, 'User', NULL, NULL);

-- --------------------------------------------------------

--
-- Table structure for table `settings`
--

CREATE TABLE `settings` (
  `id` bigint(20) UNSIGNED NOT NULL,
  `vat` varchar(191) COLLATE utf8mb4_unicode_ci DEFAULT NULL,
  `shipping_charge` varchar(191) COLLATE utf8mb4_unicode_ci DEFAULT NULL,
  `shopname` varchar(191) COLLATE utf8mb4_unicode_ci DEFAULT NULL,
  `email` varchar(191) COLLATE utf8mb4_unicode_ci DEFAULT NULL,
  `phone` varchar(191) COLLATE utf8mb4_unicode_ci DEFAULT NULL,
  `phone_optional` varchar(191) COLLATE utf8mb4_unicode_ci DEFAULT NULL,
  `address` varchar(191) COLLATE utf8mb4_unicode_ci DEFAULT NULL,
  `logo` varchar(191) COLLATE utf8mb4_unicode_ci DEFAULT NULL,
  `created_at` timestamp NULL DEFAULT NULL,
  `updated_at` timestamp NULL DEFAULT NULL
) ENGINE=InnoDB DEFAULT CHARSET=utf8mb4 COLLATE=utf8mb4_unicode_ci;

--
-- Dumping data for table `settings`
--

INSERT INTO `settings` (`id`, `vat`, `shipping_charge`, `shopname`, `email`, `phone`, `phone_optional`, `address`, `logo`, `created_at`, `updated_at`) VALUES
(1, '3', '7', 'book', 'bangladesh@gnail.com', '0169542544', '01222222224', 'bangladesh', 'media/category/050421_19_41_36.png', NULL, NULL);

-- --------------------------------------------------------

--
-- Table structure for table `shoppingcart`
--

CREATE TABLE `shoppingcart` (
  `identifier` varchar(191) COLLATE utf8mb4_unicode_ci NOT NULL,
  `instance` varchar(191) COLLATE utf8mb4_unicode_ci NOT NULL,
  `content` longtext COLLATE utf8mb4_unicode_ci NOT NULL,
  `created_at` timestamp NULL DEFAULT NULL,
  `updated_at` timestamp NULL DEFAULT NULL
) ENGINE=InnoDB DEFAULT CHARSET=utf8mb4 COLLATE=utf8mb4_unicode_ci;

-- --------------------------------------------------------

--
-- Table structure for table `subcategory`
--

CREATE TABLE `subcategory` (
  `id` bigint(20) UNSIGNED NOT NULL,
  `category_id` int(11) NOT NULL,
  `subcategory_name` varchar(191) COLLATE utf8mb4_unicode_ci NOT NULL,
  `created_at` timestamp NULL DEFAULT NULL,
  `updated_at` timestamp NULL DEFAULT NULL
) ENGINE=InnoDB DEFAULT CHARSET=utf8mb4 COLLATE=utf8mb4_unicode_ci;

--
-- Dumping data for table `subcategory`
--

INSERT INTO `subcategory` (`id`, `category_id`, `subcategory_name`, `created_at`, `updated_at`) VALUES
(1, 2, 'sdfds', NULL, NULL),
(2, 6, 'Solar Bazar', NULL, NULL),
(3, 4, 'Solar & Technology', NULL, NULL),
(4, 6, 'Fortunes Assets', NULL, NULL);

-- --------------------------------------------------------

--
-- Table structure for table `users`
--

CREATE TABLE `users` (
  `id` bigint(20) UNSIGNED NOT NULL,
  `name` varchar(191) COLLATE utf8mb4_unicode_ci NOT NULL,
  `roll_id` int(11) NOT NULL DEFAULT 2,
  `email` varchar(191) COLLATE utf8mb4_unicode_ci NOT NULL,
  `email_verified_at` timestamp NULL DEFAULT NULL,
  `password` varchar(191) COLLATE utf8mb4_unicode_ci NOT NULL,
  `remember_token` varchar(100) COLLATE utf8mb4_unicode_ci DEFAULT NULL,
  `created_at` timestamp NULL DEFAULT NULL,
  `updated_at` timestamp NULL DEFAULT NULL
) ENGINE=InnoDB DEFAULT CHARSET=utf8mb4 COLLATE=utf8mb4_unicode_ci;

--
-- Dumping data for table `users`
--

INSERT INTO `users` (`id`, `name`, `roll_id`, `email`, `email_verified_at`, `password`, `remember_token`, `created_at`, `updated_at`) VALUES
(1, 'admin', 1, 'admin@gmail.com', NULL, '$2y$10$O1SYDFT/aP.8K8TCS4UQpORazuWKdVTsCa9qfSjDI41g3e8aUwiza', 'UFk9ktFzMrCdnBXocPBNT7LtCwl3j70Po6BtbKIQxFPGiO7eeaZP5Hu3uvIZ', '2021-03-17 02:55:34', '2021-03-17 02:55:34'),
(2, 'user', 2, 'user@gmail.com', NULL, '$2y$10$8y5SAvZ8avpRdJOLskPw6.7wKcdU.9TvjNdvh8dgZu.MKRoHeUJ8.', NULL, '2021-03-17 02:56:01', '2021-03-17 02:56:01'),
(3, 'Dipak Debnath', 2, 'dipak@gmail.com', NULL, '$2y$10$nwH7P/e9YFfNEgmmhIYR2O/U/tYT.mdeged3CingSmjwcFeaXyKg.', NULL, '2021-03-30 03:25:49', '2021-03-30 03:25:49'),
(5, 'Fortune’s Assets', 2, 'dipakdebnath5008sfdfs@gmail.com', NULL, '$2y$10$uENQ.5X/ry8WT0RLwEpo5OtV/pxOmLDEBLcuqRkxm7y.auNsl1q1e', NULL, '2021-04-04 14:35:26', '2021-04-04 14:35:26'),
(6, 'Dipak Chandra Debnath', 2, 'dipakchandradebnath@gmail.com', NULL, '$2y$10$UZ2O8UYVE4MWKq3lO8Ixeu/ODItFrsbXbO0FrWPiBFIu9fDPnuseS', NULL, '2021-04-04 14:38:05', '2021-04-04 14:38:05'),
(7, 'dsfdsf', 2, 'dipakffff@gmail.com', NULL, '$2y$10$.UltaIyMXXiBzzuFdV87Du3oiAMgjTW6GK5htUnTuYVYfrPgycF.y', NULL, '2021-04-04 15:20:37', '2021-04-04 15:20:37');

-- --------------------------------------------------------

--
-- Table structure for table `wishlist`
--

CREATE TABLE `wishlist` (
  `id` bigint(20) UNSIGNED NOT NULL,
  `user_id` int(11) NOT NULL,
  `product_id` int(11) NOT NULL,
  `created_at` timestamp NULL DEFAULT NULL,
  `updated_at` timestamp NULL DEFAULT NULL
) ENGINE=InnoDB DEFAULT CHARSET=utf8mb4 COLLATE=utf8mb4_unicode_ci;

--
-- Dumping data for table `wishlist`
--

INSERT INTO `wishlist` (`id`, `user_id`, `product_id`, `created_at`, `updated_at`) VALUES
(1, 3, 1, NULL, NULL),
(3, 3, 2, NULL, NULL);

--
-- Indexes for dumped tables
--

--
-- Indexes for table `brand`
--
ALTER TABLE `brand`
  ADD PRIMARY KEY (`id`);

--
-- Indexes for table `category`
--
ALTER TABLE `category`
  ADD PRIMARY KEY (`id`);

--
-- Indexes for table `coupon`
--
ALTER TABLE `coupon`
  ADD PRIMARY KEY (`id`);

--
-- Indexes for table `failed_jobs`
--
ALTER TABLE `failed_jobs`
  ADD PRIMARY KEY (`id`),
  ADD UNIQUE KEY `failed_jobs_uuid_unique` (`uuid`);

--
-- Indexes for table `migrations`
--
ALTER TABLE `migrations`
  ADD PRIMARY KEY (`id`);

--
-- Indexes for table `newslater`
--
ALTER TABLE `newslater`
  ADD PRIMARY KEY (`id`);

--
-- Indexes for table `oauth_access_tokens`
--
ALTER TABLE `oauth_access_tokens`
  ADD PRIMARY KEY (`id`),
  ADD KEY `oauth_access_tokens_user_id_index` (`user_id`);

--
-- Indexes for table `oauth_auth_codes`
--
ALTER TABLE `oauth_auth_codes`
  ADD PRIMARY KEY (`id`),
  ADD KEY `oauth_auth_codes_user_id_index` (`user_id`);

--
-- Indexes for table `oauth_clients`
--
ALTER TABLE `oauth_clients`
  ADD PRIMARY KEY (`id`),
  ADD KEY `oauth_clients_user_id_index` (`user_id`);

--
-- Indexes for table `oauth_personal_access_clients`
--
ALTER TABLE `oauth_personal_access_clients`
  ADD PRIMARY KEY (`id`);

--
-- Indexes for table `oauth_refresh_tokens`
--
ALTER TABLE `oauth_refresh_tokens`
  ADD PRIMARY KEY (`id`),
  ADD KEY `oauth_refresh_tokens_access_token_id_index` (`access_token_id`);

--
-- Indexes for table `password_resets`
--
ALTER TABLE `password_resets`
  ADD KEY `password_resets_email_index` (`email`);

--
-- Indexes for table `products`
--
ALTER TABLE `products`
  ADD PRIMARY KEY (`id`);

--
-- Indexes for table `rolls`
--
ALTER TABLE `rolls`
  ADD PRIMARY KEY (`id`);

--
-- Indexes for table `settings`
--
ALTER TABLE `settings`
  ADD PRIMARY KEY (`id`);

--
-- Indexes for table `shoppingcart`
--
ALTER TABLE `shoppingcart`
  ADD PRIMARY KEY (`identifier`,`instance`);

--
-- Indexes for table `subcategory`
--
ALTER TABLE `subcategory`
  ADD PRIMARY KEY (`id`);

--
-- Indexes for table `users`
--
ALTER TABLE `users`
  ADD PRIMARY KEY (`id`),
  ADD UNIQUE KEY `users_email_unique` (`email`);

--
-- Indexes for table `wishlist`
--
ALTER TABLE `wishlist`
  ADD PRIMARY KEY (`id`);

--
-- AUTO_INCREMENT for dumped tables
--

--
-- AUTO_INCREMENT for table `brand`
--
ALTER TABLE `brand`
  MODIFY `id` bigint(20) UNSIGNED NOT NULL AUTO_INCREMENT, AUTO_INCREMENT=3;

--
-- AUTO_INCREMENT for table `category`
--
ALTER TABLE `category`
  MODIFY `id` bigint(20) UNSIGNED NOT NULL AUTO_INCREMENT, AUTO_INCREMENT=13;

--
-- AUTO_INCREMENT for table `coupon`
--
ALTER TABLE `coupon`
  MODIFY `id` bigint(20) UNSIGNED NOT NULL AUTO_INCREMENT, AUTO_INCREMENT=3;

--
-- AUTO_INCREMENT for table `failed_jobs`
--
ALTER TABLE `failed_jobs`
  MODIFY `id` bigint(20) UNSIGNED NOT NULL AUTO_INCREMENT;

--
-- AUTO_INCREMENT for table `migrations`
--
ALTER TABLE `migrations`
  MODIFY `id` int(10) UNSIGNED NOT NULL AUTO_INCREMENT, AUTO_INCREMENT=22;

--
-- AUTO_INCREMENT for table `newslater`
--
ALTER TABLE `newslater`
  MODIFY `id` bigint(20) UNSIGNED NOT NULL AUTO_INCREMENT, AUTO_INCREMENT=4;

--
-- AUTO_INCREMENT for table `oauth_clients`
--
ALTER TABLE `oauth_clients`
  MODIFY `id` bigint(20) UNSIGNED NOT NULL AUTO_INCREMENT, AUTO_INCREMENT=3;

--
-- AUTO_INCREMENT for table `oauth_personal_access_clients`
--
ALTER TABLE `oauth_personal_access_clients`
  MODIFY `id` bigint(20) UNSIGNED NOT NULL AUTO_INCREMENT, AUTO_INCREMENT=2;

--
-- AUTO_INCREMENT for table `products`
--
ALTER TABLE `products`
  MODIFY `id` bigint(20) UNSIGNED NOT NULL AUTO_INCREMENT, AUTO_INCREMENT=3;

--
-- AUTO_INCREMENT for table `rolls`
--
ALTER TABLE `rolls`
  MODIFY `id` bigint(20) UNSIGNED NOT NULL AUTO_INCREMENT, AUTO_INCREMENT=3;

--
-- AUTO_INCREMENT for table `settings`
--
ALTER TABLE `settings`
  MODIFY `id` bigint(20) UNSIGNED NOT NULL AUTO_INCREMENT, AUTO_INCREMENT=2;

--
-- AUTO_INCREMENT for table `subcategory`
--
ALTER TABLE `subcategory`
  MODIFY `id` bigint(20) UNSIGNED NOT NULL AUTO_INCREMENT, AUTO_INCREMENT=5;

--
-- AUTO_INCREMENT for table `users`
--
ALTER TABLE `users`
  MODIFY `id` bigint(20) UNSIGNED NOT NULL AUTO_INCREMENT, AUTO_INCREMENT=8;

--
-- AUTO_INCREMENT for table `wishlist`
--
ALTER TABLE `wishlist`
  MODIFY `id` bigint(20) UNSIGNED NOT NULL AUTO_INCREMENT, AUTO_INCREMENT=4;
COMMIT;

/*!40101 SET CHARACTER_SET_CLIENT=@OLD_CHARACTER_SET_CLIENT */;
/*!40101 SET CHARACTER_SET_RESULTS=@OLD_CHARACTER_SET_RESULTS */;
/*!40101 SET COLLATION_CONNECTION=@OLD_COLLATION_CONNECTION */;
