-- phpMyAdmin SQL Dump
-- version 5.1.1
-- https://www.phpmyadmin.net/
--
-- Host: 127.0.0.1
-- Generation Time: Apr 29, 2022 at 09:19 PM
-- Server version: 10.4.21-MariaDB
-- PHP Version: 8.0.10

SET SQL_MODE = "NO_AUTO_VALUE_ON_ZERO";
START TRANSACTION;
SET time_zone = "+00:00";


/*!40101 SET @OLD_CHARACTER_SET_CLIENT=@@CHARACTER_SET_CLIENT */;
/*!40101 SET @OLD_CHARACTER_SET_RESULTS=@@CHARACTER_SET_RESULTS */;
/*!40101 SET @OLD_COLLATION_CONNECTION=@@COLLATION_CONNECTION */;
/*!40101 SET NAMES utf8mb4 */;

--
-- Database: `tutor`
--

-- --------------------------------------------------------

--
-- Table structure for table `category`
--

CREATE TABLE `category` (
  `id` bigint(20) UNSIGNED NOT NULL,
  `categoty_name` varchar(191) COLLATE utf8mb4_unicode_ci NOT NULL,
  `logo` varchar(150) COLLATE utf8mb4_unicode_ci DEFAULT NULL,
  `created_at` timestamp NULL DEFAULT NULL,
  `updated_at` timestamp NULL DEFAULT NULL
) ENGINE=InnoDB DEFAULT CHARSET=utf8mb4 COLLATE=utf8mb4_unicode_ci;

--
-- Dumping data for table `category`
--

INSERT INTO `category` (`id`, `categoty_name`, `logo`, `created_at`, `updated_at`) VALUES
(13, 'English Version', 'media/category/150821_17_30_47.png', NULL, NULL),
(14, 'Bangla Version', 'media/category/150821_17_02_50.jpg', NULL, NULL);

-- --------------------------------------------------------

--
-- Table structure for table `failed_jobs`
--

CREATE TABLE `failed_jobs` (
  `id` bigint(20) UNSIGNED NOT NULL,
  `uuid` varchar(191) COLLATE utf8mb4_unicode_ci NOT NULL,
  `connection` text COLLATE utf8mb4_unicode_ci NOT NULL,
  `queue` text COLLATE utf8mb4_unicode_ci NOT NULL,
  `payload` longtext COLLATE utf8mb4_unicode_ci NOT NULL,
  `exception` longtext COLLATE utf8mb4_unicode_ci NOT NULL,
  `failed_at` timestamp NOT NULL DEFAULT current_timestamp()
) ENGINE=InnoDB DEFAULT CHARSET=utf8mb4 COLLATE=utf8mb4_unicode_ci;

-- --------------------------------------------------------

--
-- Table structure for table `messages`
--

CREATE TABLE `messages` (
  `id` bigint(20) UNSIGNED NOT NULL,
  `from` int(11) NOT NULL COMMENT 'Own Id',
  `to` int(11) NOT NULL COMMENT 'Other Id',
  `message` text COLLATE utf8mb4_unicode_ci DEFAULT NULL,
  `type` tinyint(1) NOT NULL,
  `image` varchar(255) COLLATE utf8mb4_unicode_ci DEFAULT NULL,
  `created_at` timestamp NULL DEFAULT NULL,
  `updated_at` timestamp NULL DEFAULT NULL
) ENGINE=InnoDB DEFAULT CHARSET=utf8mb4 COLLATE=utf8mb4_unicode_ci;

--
-- Dumping data for table `messages`
--

INSERT INTO `messages` (`id`, `from`, `to`, `message`, `type`, `image`, `created_at`, `updated_at`) VALUES
(1, 2, 35, 'hi', 0, NULL, NULL, NULL),
(2, 2, 35, 'hi', 1, NULL, NULL, NULL),
(3, 35, 2, 'hello', 0, NULL, NULL, NULL),
(4, 35, 2, 'hello', 1, NULL, NULL, NULL),
(5, 2, 35, 'hi kmn aco', 0, NULL, NULL, NULL),
(6, 2, 35, 'hi kmn aco', 1, NULL, NULL, NULL),
(7, 2, 36, 'hi', 0, NULL, NULL, NULL),
(8, 2, 36, 'hi', 1, NULL, NULL, NULL),
(9, 2, 35, 'ffdffd fgg', 0, NULL, NULL, NULL),
(10, 2, 35, 'ffdffd fgg', 1, NULL, NULL, NULL),
(11, 35, 2, 'valo achi', 0, NULL, NULL, NULL),
(12, 35, 2, 'valo achi', 1, NULL, NULL, NULL),
(13, 2, 35, 'wow', 0, NULL, NULL, NULL),
(14, 2, 35, 'wow', 1, NULL, NULL, NULL),
(15, 2, 35, NULL, 0, 'media/category/131221_11_04_47.png', NULL, NULL),
(16, 2, 35, NULL, 1, 'media/category/131221_11_04_47.png', NULL, NULL),
(17, 35, 2, NULL, 0, 'media/category/131221_11_12_54.png', NULL, NULL),
(18, 35, 2, NULL, 1, 'media/category/131221_11_12_54.png', NULL, NULL),
(19, 1, 35, 'hi', 0, NULL, NULL, NULL),
(20, 1, 35, 'hi', 1, NULL, NULL, NULL),
(21, 37, 2, 'hi', 0, NULL, NULL, NULL),
(22, 37, 2, 'hi', 1, NULL, NULL, NULL),
(23, 2, 35, 'hello', 0, NULL, NULL, NULL),
(24, 2, 35, 'hello', 1, NULL, NULL, NULL),
(25, 2, 36, 'hi', 0, NULL, NULL, NULL),
(26, 2, 36, 'hi', 1, NULL, NULL, NULL),
(27, 2, 37, 'hello', 0, NULL, NULL, NULL),
(28, 2, 37, 'hello', 1, NULL, NULL, NULL),
(29, 37, 2, 'kmn acho', 0, NULL, NULL, NULL),
(30, 37, 2, 'kmn acho', 1, NULL, NULL, NULL);

-- --------------------------------------------------------

--
-- Table structure for table `migrations`
--

CREATE TABLE `migrations` (
  `id` int(10) UNSIGNED NOT NULL,
  `migration` varchar(191) COLLATE utf8mb4_unicode_ci NOT NULL,
  `batch` int(11) NOT NULL
) ENGINE=InnoDB DEFAULT CHARSET=utf8mb4 COLLATE=utf8mb4_unicode_ci;

--
-- Dumping data for table `migrations`
--

INSERT INTO `migrations` (`id`, `migration`, `batch`) VALUES
(1, '2014_10_12_000000_create_users_table', 1),
(2, '2014_10_12_100000_create_password_resets_table', 1),
(3, '2019_08_19_000000_create_failed_jobs_table', 1),
(4, '2021_03_17_083807_create_rolls_table', 1),
(5, '2021_03_30_191937_create_category_table', 2),
(6, '2021_03_30_192009_create_subcategory_table', 2),
(7, '2021_03_30_192034_create_brand_table', 2),
(9, '2021_04_01_184751_create_coupon_table', 3),
(10, '2021_04_01_192453_create_newslater_table', 4),
(13, '2021_04_02_095921_create_products_table', 5),
(14, '2018_12_23_120000_create_shoppingcart_table', 6),
(15, '2021_04_04_224306_create_wishlist_table', 6),
(16, '2021_04_05_185828_create_settings_table', 7),
(17, '2016_06_01_000001_create_oauth_auth_codes_table', 8),
(18, '2016_06_01_000002_create_oauth_access_tokens_table', 8),
(19, '2016_06_01_000003_create_oauth_refresh_tokens_table', 8),
(20, '2016_06_01_000004_create_oauth_clients_table', 8),
(21, '2016_06_01_000005_create_oauth_personal_access_clients_table', 8),
(22, '2021_04_07_210504_create_orders_table', 9),
(23, '2021_04_07_210556_create_order_details_table', 9),
(24, '2021_04_07_210640_create_shipping_table', 9),
(25, '2021_04_08_114509_create_subscribers_table', 10),
(26, '2021_04_08_115850_create_seo_table', 11),
(27, '2021_04_09_114405_create_slider_table', 11),
(28, '2021_08_15_040714_create_trainer_table', 12),
(29, '2021_08_15_044645_create_trainers_table', 13),
(30, '2021_12_13_060241_create_messages_table', 14),
(31, '2022_03_10_042629_create_review_table', 15);

-- --------------------------------------------------------

--
-- Table structure for table `oauth_access_tokens`
--

CREATE TABLE `oauth_access_tokens` (
  `id` varchar(100) COLLATE utf8mb4_unicode_ci NOT NULL,
  `user_id` bigint(20) UNSIGNED DEFAULT NULL,
  `client_id` bigint(20) UNSIGNED NOT NULL,
  `name` varchar(191) COLLATE utf8mb4_unicode_ci DEFAULT NULL,
  `scopes` text COLLATE utf8mb4_unicode_ci DEFAULT NULL,
  `revoked` tinyint(1) NOT NULL,
  `created_at` timestamp NULL DEFAULT NULL,
  `updated_at` timestamp NULL DEFAULT NULL,
  `expires_at` datetime DEFAULT NULL
) ENGINE=InnoDB DEFAULT CHARSET=utf8mb4 COLLATE=utf8mb4_unicode_ci;

-- --------------------------------------------------------

--
-- Table structure for table `oauth_auth_codes`
--

CREATE TABLE `oauth_auth_codes` (
  `id` varchar(100) COLLATE utf8mb4_unicode_ci NOT NULL,
  `user_id` bigint(20) UNSIGNED NOT NULL,
  `client_id` bigint(20) UNSIGNED NOT NULL,
  `scopes` text COLLATE utf8mb4_unicode_ci DEFAULT NULL,
  `revoked` tinyint(1) NOT NULL,
  `expires_at` datetime DEFAULT NULL
) ENGINE=InnoDB DEFAULT CHARSET=utf8mb4 COLLATE=utf8mb4_unicode_ci;

-- --------------------------------------------------------

--
-- Table structure for table `oauth_clients`
--

CREATE TABLE `oauth_clients` (
  `id` bigint(20) UNSIGNED NOT NULL,
  `user_id` bigint(20) UNSIGNED DEFAULT NULL,
  `name` varchar(191) COLLATE utf8mb4_unicode_ci NOT NULL,
  `secret` varchar(100) COLLATE utf8mb4_unicode_ci DEFAULT NULL,
  `provider` varchar(191) COLLATE utf8mb4_unicode_ci DEFAULT NULL,
  `redirect` text COLLATE utf8mb4_unicode_ci NOT NULL,
  `personal_access_client` tinyint(1) NOT NULL,
  `password_client` tinyint(1) NOT NULL,
  `revoked` tinyint(1) NOT NULL,
  `created_at` timestamp NULL DEFAULT NULL,
  `updated_at` timestamp NULL DEFAULT NULL
) ENGINE=InnoDB DEFAULT CHARSET=utf8mb4 COLLATE=utf8mb4_unicode_ci;

--
-- Dumping data for table `oauth_clients`
--

INSERT INTO `oauth_clients` (`id`, `user_id`, `name`, `secret`, `provider`, `redirect`, `personal_access_client`, `password_client`, `revoked`, `created_at`, `updated_at`) VALUES
(1, NULL, 'Laravel Personal Access Client', 'YMjBsMmGamV4h0CuX1BlSsKQ0a31eWurCyOitvvn', NULL, 'http://localhost', 1, 0, 0, '2021-04-05 15:38:39', '2021-04-05 15:38:39'),
(2, NULL, 'Laravel Password Grant Client', 'pVtcgNxmEeYEE2ADOhZVVIgB9zjjnoo6uTEGAaHc', 'users', 'http://localhost', 0, 1, 0, '2021-04-05 15:38:39', '2021-04-05 15:38:39');

-- --------------------------------------------------------

--
-- Table structure for table `oauth_personal_access_clients`
--

CREATE TABLE `oauth_personal_access_clients` (
  `id` bigint(20) UNSIGNED NOT NULL,
  `client_id` bigint(20) UNSIGNED NOT NULL,
  `created_at` timestamp NULL DEFAULT NULL,
  `updated_at` timestamp NULL DEFAULT NULL
) ENGINE=InnoDB DEFAULT CHARSET=utf8mb4 COLLATE=utf8mb4_unicode_ci;

--
-- Dumping data for table `oauth_personal_access_clients`
--

INSERT INTO `oauth_personal_access_clients` (`id`, `client_id`, `created_at`, `updated_at`) VALUES
(1, 1, '2021-04-05 15:38:39', '2021-04-05 15:38:39');

-- --------------------------------------------------------

--
-- Table structure for table `oauth_refresh_tokens`
--

CREATE TABLE `oauth_refresh_tokens` (
  `id` varchar(100) COLLATE utf8mb4_unicode_ci NOT NULL,
  `access_token_id` varchar(100) COLLATE utf8mb4_unicode_ci NOT NULL,
  `revoked` tinyint(1) NOT NULL,
  `expires_at` datetime DEFAULT NULL
) ENGINE=InnoDB DEFAULT CHARSET=utf8mb4 COLLATE=utf8mb4_unicode_ci;

-- --------------------------------------------------------

--
-- Table structure for table `password_resets`
--

CREATE TABLE `password_resets` (
  `email` varchar(191) COLLATE utf8mb4_unicode_ci NOT NULL,
  `token` varchar(191) COLLATE utf8mb4_unicode_ci NOT NULL,
  `created_at` timestamp NULL DEFAULT NULL
) ENGINE=InnoDB DEFAULT CHARSET=utf8mb4 COLLATE=utf8mb4_unicode_ci;

-- --------------------------------------------------------

--
-- Table structure for table `review`
--

CREATE TABLE `review` (
  `id` bigint(20) UNSIGNED NOT NULL,
  `user_id` int(11) NOT NULL,
  `teacher_id` int(11) NOT NULL,
  `review` varchar(191) COLLATE utf8mb4_unicode_ci DEFAULT NULL,
  `comment` varchar(191) COLLATE utf8mb4_unicode_ci DEFAULT NULL,
  `created_at` timestamp NULL DEFAULT NULL,
  `updated_at` timestamp NULL DEFAULT NULL
) ENGINE=InnoDB DEFAULT CHARSET=utf8mb4 COLLATE=utf8mb4_unicode_ci;

--
-- Dumping data for table `review`
--

INSERT INTO `review` (`id`, `user_id`, `teacher_id`, `review`, `comment`, `created_at`, `updated_at`) VALUES
(1, 39, 37, '5', 'Vary Good Teacher', NULL, NULL),
(2, 40, 37, '4', 'good teacher', NULL, NULL),
(3, 40, 35, '5', 'good teacher', NULL, NULL);

-- --------------------------------------------------------

--
-- Table structure for table `rolls`
--

CREATE TABLE `rolls` (
  `id` bigint(20) UNSIGNED NOT NULL,
  `name` varchar(191) COLLATE utf8mb4_unicode_ci NOT NULL,
  `created_at` timestamp NULL DEFAULT NULL,
  `updated_at` timestamp NULL DEFAULT NULL
) ENGINE=InnoDB DEFAULT CHARSET=utf8mb4 COLLATE=utf8mb4_unicode_ci;

--
-- Dumping data for table `rolls`
--

INSERT INTO `rolls` (`id`, `name`, `created_at`, `updated_at`) VALUES
(1, 'Admin', NULL, NULL),
(2, 'User', NULL, NULL),
(3, 'Saller', NULL, NULL);

-- --------------------------------------------------------

--
-- Table structure for table `settings`
--

CREATE TABLE `settings` (
  `id` bigint(20) UNSIGNED NOT NULL,
  `email` varchar(191) COLLATE utf8mb4_unicode_ci DEFAULT NULL,
  `email_second` varchar(255) COLLATE utf8mb4_unicode_ci DEFAULT NULL,
  `google` varchar(255) COLLATE utf8mb4_unicode_ci DEFAULT NULL,
  `linkdin` varchar(255) COLLATE utf8mb4_unicode_ci DEFAULT NULL,
  `off_day` varchar(255) COLLATE utf8mb4_unicode_ci DEFAULT NULL,
  `phone` varchar(191) COLLATE utf8mb4_unicode_ci DEFAULT NULL,
  `phone_optional` varchar(191) COLLATE utf8mb4_unicode_ci DEFAULT NULL,
  `address` varchar(191) COLLATE utf8mb4_unicode_ci DEFAULT NULL,
  `logo` varchar(191) COLLATE utf8mb4_unicode_ci DEFAULT NULL,
  `facebook` varchar(191) COLLATE utf8mb4_unicode_ci DEFAULT NULL,
  `twitter` varchar(191) COLLATE utf8mb4_unicode_ci DEFAULT NULL,
  `created_at` timestamp NULL DEFAULT NULL,
  `updated_at` timestamp NULL DEFAULT NULL
) ENGINE=InnoDB DEFAULT CHARSET=utf8mb4 COLLATE=utf8mb4_unicode_ci;

--
-- Dumping data for table `settings`
--

INSERT INTO `settings` (`id`, `email`, `email_second`, `google`, `linkdin`, `off_day`, `phone`, `phone_optional`, `address`, `logo`, `facebook`, `twitter`, `created_at`, `updated_at`) VALUES
(1, 'info@problem.com', 'contact@landscap.com', 'facebook.com', 'facebook.com', 'Monday - Friday : 800 - 1900', '01800 984 5478', '+ 01865 524 8503', '42B, Tailstoi Town 5248 MT, Wordwide Country', 'media/category/080322_19_27_39.jpg', 'facebook.com', 'facebook.com', NULL, NULL);

-- --------------------------------------------------------

--
-- Table structure for table `slider`
--

CREATE TABLE `slider` (
  `id` bigint(20) UNSIGNED NOT NULL,
  `slider_1` varchar(191) COLLATE utf8mb4_unicode_ci DEFAULT NULL,
  `slider_2` varchar(191) COLLATE utf8mb4_unicode_ci DEFAULT NULL,
  `slider_3` varchar(191) COLLATE utf8mb4_unicode_ci DEFAULT NULL,
  `slider_4` varchar(191) COLLATE utf8mb4_unicode_ci DEFAULT NULL,
  `slider_5` varchar(191) COLLATE utf8mb4_unicode_ci DEFAULT NULL,
  `slider_6` varchar(191) COLLATE utf8mb4_unicode_ci DEFAULT NULL,
  `slider_7` varchar(191) COLLATE utf8mb4_unicode_ci DEFAULT NULL,
  `slider_8` varchar(191) COLLATE utf8mb4_unicode_ci DEFAULT NULL,
  `created_at` timestamp NULL DEFAULT NULL,
  `updated_at` timestamp NULL DEFAULT NULL
) ENGINE=InnoDB DEFAULT CHARSET=utf8mb4 COLLATE=utf8mb4_unicode_ci;

--
-- Dumping data for table `slider`
--

INSERT INTO `slider` (`id`, `slider_1`, `slider_2`, `slider_3`, `slider_4`, `slider_5`, `slider_6`, `slider_7`, `slider_8`, `created_at`, `updated_at`) VALUES
(1, 'media/product/1726759783613729.jpg', 'media/product/1726759789776018.jpg', 'media/product/1726759790789178.jpg', 'media/product/1718934522976930.PNG', 'media/product/1718934523261383.PNG', 'media/product/1718934523546339.PNG', 'media/product/1718934523886443.PNG', 'media/product/1718934524173741.PNG', NULL, NULL);

-- --------------------------------------------------------

--
-- Table structure for table `users`
--

CREATE TABLE `users` (
  `id` bigint(20) UNSIGNED NOT NULL,
  `name` varchar(191) COLLATE utf8mb4_unicode_ci NOT NULL,
  `roll_id` varchar(110) COLLATE utf8mb4_unicode_ci NOT NULL DEFAULT '2',
  `user_status` int(11) DEFAULT NULL,
  `email` varchar(191) COLLATE utf8mb4_unicode_ci NOT NULL,
  `phone` varchar(150) COLLATE utf8mb4_unicode_ci DEFAULT NULL,
  `university_name` varchar(255) COLLATE utf8mb4_unicode_ci DEFAULT NULL,
  `degree` varchar(255) COLLATE utf8mb4_unicode_ci DEFAULT NULL,
  `experience` varchar(255) COLLATE utf8mb4_unicode_ci DEFAULT NULL,
  `subject` varchar(255) COLLATE utf8mb4_unicode_ci DEFAULT NULL,
  `salary` varchar(255) COLLATE utf8mb4_unicode_ci DEFAULT NULL,
  `email_verified_at` timestamp NULL DEFAULT NULL,
  `password` varchar(191) COLLATE utf8mb4_unicode_ci NOT NULL,
  `remember_token` varchar(100) COLLATE utf8mb4_unicode_ci DEFAULT NULL,
  `type` int(11) DEFAULT NULL,
  `created_at` timestamp NULL DEFAULT NULL,
  `updated_at` timestamp NULL DEFAULT NULL,
  `image` varchar(255) COLLATE utf8mb4_unicode_ci DEFAULT NULL,
  `specialist_id` int(11) DEFAULT NULL,
  `details` text COLLATE utf8mb4_unicode_ci DEFAULT NULL
) ENGINE=InnoDB DEFAULT CHARSET=utf8mb4 COLLATE=utf8mb4_unicode_ci;

--
-- Dumping data for table `users`
--

INSERT INTO `users` (`id`, `name`, `roll_id`, `user_status`, `email`, `phone`, `university_name`, `degree`, `experience`, `subject`, `salary`, `email_verified_at`, `password`, `remember_token`, `type`, `created_at`, `updated_at`, `image`, `specialist_id`, `details`) VALUES
(1, 'admin', '1', NULL, 'admin@gmail.com', NULL, NULL, NULL, NULL, NULL, NULL, NULL, '$2y$10$O1SYDFT/aP.8K8TCS4UQpORazuWKdVTsCa9qfSjDI41g3e8aUwiza', 'lxWhiJWxutB3jQtFKcMn6hTUfouCjNcIybCFewO4spb8XXzlQgRjJSi4vSzu', 1, '2021-03-17 02:55:34', '2021-03-17 02:55:34', NULL, NULL, NULL),
(2, 'user', '2', NULL, 'user@gmail.com', NULL, NULL, NULL, NULL, NULL, NULL, NULL, '$2y$10$8y5SAvZ8avpRdJOLskPw6.7wKcdU.9TvjNdvh8dgZu.MKRoHeUJ8.', NULL, NULL, '2021-03-17 02:56:01', '2021-03-17 02:56:01', NULL, NULL, NULL),
(35, 'Rupa Akter', '3', 1, 'rupa@gmail.com', '01632054022', NULL, NULL, NULL, NULL, '3000', NULL, '$2y$10$1vsIDFf9J5./WVGVK6nwROKAWP9ebAZVjmshFixuln26NgTEwb2Lm', NULL, NULL, '2021-12-11 08:20:54', '2021-12-11 08:20:54', 'media/category/121221_19_23_40.png', 13, 'Lorem ipsum dolor sit amet, consectetur adipiscing elit, sed do eiusmod tempor incididunt ut labore et dolore magna aliqua. Ut enim ad minim veniam, quis nostrud exercitation ullamco laboris nisi ut aliquip ex ea commodo consequat. Duis aute irure dolor in reprehenderit in voluptate velit esse cillum dolore eu fugiat nulla pariatur.\n\nExcepteur sint occaecat cupidatat non proident, sunt in culpa qui officia deserunt mollit anim id est laborum consectetur adipiscing elit, sed do eiusmod tempor incididunt ut labore et dolore magna aliqua. Ut enim ad minim veniam, quis nostrud exercitation ullamco laboris nisi ut aliquip ex ea commodo consequat. Duis aute irure dolor in reprehenderit in voluptate velit esse cillum dolore eu fugiat nulla pariatur. Excepteur sint occaecat cupidatat non proident, sunt in culpa qui officia deserunt mollit anim id est laborum'),
(36, 'Akash islam', '3', 1, 'akash@gmail.com', '01785449161', NULL, NULL, NULL, NULL, '4000', NULL, '$2y$10$sQjC1yI5k/9Idh4n5ye9UeKIOVzPh0QadZmn4Yf.19ZNIYGLRKmZ2', NULL, NULL, '2021-12-12 14:34:45', '2021-12-12 14:34:45', 'media/category/121221_20_38_35.png', 14, '<p>fdsf dfdf</p>'),
(37, 'Sabbir Ahamad', '3', 1, 'sabbir@gmail.com', '01785449161', 'Daffodil International University', 'B.s.c. In SWE', 'More than 3 year', 'Computer Fundamental', '10000', NULL, '$2y$10$/SlG36c6xPdFtB0.8RXi7.Z.e5ib9MyI0LcCNcV87wDDXm21N5fyu', NULL, NULL, '2022-03-08 07:53:16', '2022-03-08 07:53:16', 'media/category/080322_13_16_55.png', 14, 'Teacher is vary good learning for computer fundamental, and more then 3 year experience this subject ,thank you .'),
(39, 'NAjmul Hasan', '2', NULL, 'najmul@gmail.compuja', NULL, NULL, NULL, NULL, NULL, NULL, NULL, '$2y$10$hndhpmK3IqdUOM9THpVSZuvQaRRrgF3CpiSAcGzclCvZR8G/oEVaW', NULL, NULL, '2022-03-09 22:22:44', '2022-03-09 22:22:44', NULL, NULL, NULL),
(40, 'Sattay Debnath', '2', NULL, 'sattay@gmail.com', NULL, NULL, NULL, NULL, NULL, NULL, NULL, '$2y$10$luNm1Zy8RGpwu.U/cqRVJ.jAhmDvsMjIRBaJHjIOsLnrjVako7Osm', NULL, NULL, '2022-03-10 00:48:17', '2022-03-10 00:48:17', NULL, NULL, NULL),
(41, 'Sandip Sarker', '3', 1, 'sandip@gmail.com', '1454545', 'Daffodil International University', 'B.S.C in SWE', '4 Year', 'Math', '45000', NULL, '$2y$10$XwAlD/aSweuF3.T8gYFQ3.r5BUu9V2opbOnMxPpuy40KNv5jv5.cG', NULL, NULL, NULL, NULL, 'media/category/100322_09_23_08.png', 13, '<p>good teaching math&nbsp;</p>'),
(42, 'Rahainul islam', '3', 1, 'raihan@gmail.com', '1454545 23323', 'Daffodil International University', 'B.S.C in SWE', '3 Year', 'English', '70000', NULL, '$2y$10$mxQqaNju5sT/oSnYaJiE0uwW.tPMRro/zrT8kdh9p.2KlHR5gs.Bm', NULL, NULL, NULL, NULL, 'media/category/100322_09_53_12.png', 13, '<p>good teaching for&nbsp;English</p>'),
(43, 'Riad Hasan', '3', 1, 'riad@gmail.com', '145454523323', 'Daffodil International University', 'B.S.C in SWE', '3 Year', 'English', '60000', NULL, '$2y$10$mxQqaNju5sT/oSnYaJiE0uwW.tPMRro/zrT8kdh9p.2KlHR5gs.Bm', NULL, NULL, NULL, NULL, 'media/category/100322_09_53_12.png', 13, '<p>good teaching for&nbsp;English</p>');

--
-- Indexes for dumped tables
--

--
-- Indexes for table `category`
--
ALTER TABLE `category`
  ADD PRIMARY KEY (`id`);

--
-- Indexes for table `failed_jobs`
--
ALTER TABLE `failed_jobs`
  ADD PRIMARY KEY (`id`),
  ADD UNIQUE KEY `failed_jobs_uuid_unique` (`uuid`);

--
-- Indexes for table `messages`
--
ALTER TABLE `messages`
  ADD PRIMARY KEY (`id`);

--
-- Indexes for table `migrations`
--
ALTER TABLE `migrations`
  ADD PRIMARY KEY (`id`);

--
-- Indexes for table `oauth_access_tokens`
--
ALTER TABLE `oauth_access_tokens`
  ADD PRIMARY KEY (`id`),
  ADD KEY `oauth_access_tokens_user_id_index` (`user_id`);

--
-- Indexes for table `oauth_auth_codes`
--
ALTER TABLE `oauth_auth_codes`
  ADD PRIMARY KEY (`id`),
  ADD KEY `oauth_auth_codes_user_id_index` (`user_id`);

--
-- Indexes for table `oauth_clients`
--
ALTER TABLE `oauth_clients`
  ADD PRIMARY KEY (`id`),
  ADD KEY `oauth_clients_user_id_index` (`user_id`);

--
-- Indexes for table `oauth_personal_access_clients`
--
ALTER TABLE `oauth_personal_access_clients`
  ADD PRIMARY KEY (`id`);

--
-- Indexes for table `oauth_refresh_tokens`
--
ALTER TABLE `oauth_refresh_tokens`
  ADD PRIMARY KEY (`id`),
  ADD KEY `oauth_refresh_tokens_access_token_id_index` (`access_token_id`);

--
-- Indexes for table `password_resets`
--
ALTER TABLE `password_resets`
  ADD KEY `password_resets_email_index` (`email`);

--
-- Indexes for table `review`
--
ALTER TABLE `review`
  ADD PRIMARY KEY (`id`);

--
-- Indexes for table `rolls`
--
ALTER TABLE `rolls`
  ADD PRIMARY KEY (`id`);

--
-- Indexes for table `settings`
--
ALTER TABLE `settings`
  ADD PRIMARY KEY (`id`);

--
-- Indexes for table `slider`
--
ALTER TABLE `slider`
  ADD PRIMARY KEY (`id`);

--
-- Indexes for table `users`
--
ALTER TABLE `users`
  ADD PRIMARY KEY (`id`),
  ADD UNIQUE KEY `users_email_unique` (`email`);

--
-- AUTO_INCREMENT for dumped tables
--

--
-- AUTO_INCREMENT for table `category`
--
ALTER TABLE `category`
  MODIFY `id` bigint(20) UNSIGNED NOT NULL AUTO_INCREMENT, AUTO_INCREMENT=17;

--
-- AUTO_INCREMENT for table `failed_jobs`
--
ALTER TABLE `failed_jobs`
  MODIFY `id` bigint(20) UNSIGNED NOT NULL AUTO_INCREMENT;

--
-- AUTO_INCREMENT for table `messages`
--
ALTER TABLE `messages`
  MODIFY `id` bigint(20) UNSIGNED NOT NULL AUTO_INCREMENT, AUTO_INCREMENT=31;

--
-- AUTO_INCREMENT for table `migrations`
--
ALTER TABLE `migrations`
  MODIFY `id` int(10) UNSIGNED NOT NULL AUTO_INCREMENT, AUTO_INCREMENT=32;

--
-- AUTO_INCREMENT for table `oauth_clients`
--
ALTER TABLE `oauth_clients`
  MODIFY `id` bigint(20) UNSIGNED NOT NULL AUTO_INCREMENT, AUTO_INCREMENT=3;

--
-- AUTO_INCREMENT for table `oauth_personal_access_clients`
--
ALTER TABLE `oauth_personal_access_clients`
  MODIFY `id` bigint(20) UNSIGNED NOT NULL AUTO_INCREMENT, AUTO_INCREMENT=2;

--
-- AUTO_INCREMENT for table `review`
--
ALTER TABLE `review`
  MODIFY `id` bigint(20) UNSIGNED NOT NULL AUTO_INCREMENT, AUTO_INCREMENT=4;

--
-- AUTO_INCREMENT for table `rolls`
--
ALTER TABLE `rolls`
  MODIFY `id` bigint(20) UNSIGNED NOT NULL AUTO_INCREMENT, AUTO_INCREMENT=4;

--
-- AUTO_INCREMENT for table `settings`
--
ALTER TABLE `settings`
  MODIFY `id` bigint(20) UNSIGNED NOT NULL AUTO_INCREMENT, AUTO_INCREMENT=2;

--
-- AUTO_INCREMENT for table `slider`
--
ALTER TABLE `slider`
  MODIFY `id` bigint(20) UNSIGNED NOT NULL AUTO_INCREMENT, AUTO_INCREMENT=3;

--
-- AUTO_INCREMENT for table `users`
--
ALTER TABLE `users`
  MODIFY `id` bigint(20) UNSIGNED NOT NULL AUTO_INCREMENT, AUTO_INCREMENT=44;
COMMIT;

/*!40101 SET CHARACTER_SET_CLIENT=@OLD_CHARACTER_SET_CLIENT */;
/*!40101 SET CHARACTER_SET_RESULTS=@OLD_CHARACTER_SET_RESULTS */;
/*!40101 SET COLLATION_CONNECTION=@OLD_COLLATION_CONNECTION */;
